CREATE TABLE IF NOT EXISTS SAM.User (
	Id INT CHECK (Id > 0) NOT NULL,
	Email VARCHAR(255) NOT NULL,
	Password VARCHAR(255) NOT NULL,
	Name VARCHAR(255) NOT NULL,
	Surname VARCHAR(255) NOT NULL,
	Role VARCHAR(255) NOT NULL,
	Active VARCHAR(1) NOT NULL DEFAULT 'Y',
	PRIMARY KEY (Id)
);

CREATE TABLE IF NOT EXISTS SAM.Admin_User (
	Id INT CHECK (Id > 0) NOT NULL,
	PRIMARY KEY (Id),
	FOREIGN KEY (Id) REFERENCES SAM.User(Id)
);

CREATE TABLE IF NOT EXISTS SAM.Registered_User (
	Id INT CHECK (Id > 0) NOT NULL,
	Admin_user_id INT CHECK (Admin_user_id > 0) NOT NULL,
	Phone VARCHAR(15) NOT NULL,
	Address VARCHAR(255) NOT NULL,
	PRIMARY KEY (Id),
	FOREIGN KEY (Id) REFERENCES SAM.User(Id),
	FOREIGN KEY (Admin_user_id) REFERENCES SAM.Admin_User(Id)
);

CREATE TABLE IF NOT EXISTS SAM.Referee (
	Id INT CHECK (Id > 0) NOT NULL,
	Birth_date VARCHAR(10) NOT NULL,
	Citizenship VARCHAR(255) NOT NULL,
	Resume CLOB,
	PRIMARY KEY (Id),
	FOREIGN KEY (Id) REFERENCES SAM.Registered_User(Id)
);

CREATE TABLE IF NOT EXISTS SAM.Team_Manager (
	Id INT CHECK (Id > 0) NOT NULL,
	PRIMARY KEY (Id),
	FOREIGN KEY (Id) REFERENCES SAM.Registered_User(Id)
);

CREATE TABLE IF NOT EXISTS SAM.Tournament (
	Id INT CHECK (Id > 0) NOT NULL,
	Admin_user_id INT CHECK (Admin_user_id > 0) NOT NULL,
	Type CHAR(1) NOT NULL,
	Name VARCHAR(255) NOT NULL,
	Description CLOB,
	PRIMARY KEY (Id),
	FOREIGN KEY (Admin_user_id) REFERENCES SAM.Admin_User(Id)
);


CREATE TABLE IF NOT EXISTS SAM.Match (
	Id INT CHECK (Id > 0) NOT NULL,
	Type VARCHAR(255) NOT NULL,
	Place VARCHAR(255) NOT NULL,
	Date VARCHAR(255) NOT NULL,
	Time VARCHAR(255) NOT NULL,
	PRIMARY KEY (Id)
);

CREATE TABLE IF NOT EXISTS SAM.Report (
	Id INT CHECK (Id > 0) NOT NULL,
	Match_id INT CHECK (Match_id > 0) NOT NULL,
	Referee_id INT CHECK (Referee_id > 0) NOT NULL,
	Match_start_time VARCHAR(5),
	Match_end_time VARCHAR(5),
	Result VARCHAR(10),
	PRIMARY KEY (Id),
	FOREIGN KEY (Match_id) REFERENCES SAM.Match(Id),
	FOREIGN KEY (Referee_id) REFERENCES SAM.Referee(Id)
);

CREATE TABLE IF NOT EXISTS SAM.Team (
	Id INT CHECK (Id > 0) NOT NULL,
	Team_manager_id INT CHECK (Team_manager_id > 0) NOT NULL,
	Name VARCHAR(255) NOT NULL,
	Description CLOB,
	Headquarters VARCHAR(255),
	Sponsor_name VARCHAR(255),
	PRIMARY KEY (Id),
	FOREIGN KEY (Team_manager_id) REFERENCES SAM.Team_Manager(Id)
);

CREATE TABLE IF NOT EXISTS SAM.Ranking (
	Tournament_id INT CHECK (Tournament_id > 0) NOT NULL,
	Team_id INT CHECK (Team_id > 0) NOT NULL,
	Score INT CHECK (Score >= 0) DEFAULT 0,
	Won_matches INT CHECK (Won_matches >= 0) DEFAULT 0,
	Lost_matches INT CHECK (Lost_matches >= 0) DEFAULT 0,
	Tied_matches INT CHECK (Tied_matches >= 0) DEFAULT 0,
	Played_matches INT CHECK (Played_matches >= 0) DEFAULT 0,
	Goals_made INT CHECK (Goals_made >= 0) DEFAULT 0,
	Goals_suffered INT CHECK (Goals_suffered >= 0) DEFAULT 0,
	PRIMARY KEY (Tournament_id, Team_id),
	FOREIGN KEY (Tournament_id) REFERENCES SAM.Tournament(Id),
	FOREIGN KEY (Team_id) REFERENCES SAM.Team(Id)
);

CREATE TABLE IF NOT EXISTS SAM.Player (
	Id INT CHECK (Id > 0) NOT NULL,
	Team_id INT CHECK (Team_id > 0) NOT NULL,
	Active VARCHAR(1) DEFAULT 'Y',
	Jersey_number INT CHECK (Jersey_number > 0),
	Role VARCHAR(255) NOT NULL,
	Name VARCHAR(255) NOT NULL,
	Surname VARCHAR(255) NOT NULL,
	Birth_date VARCHAR(10) NOT NULL,
	Citizenship VARCHAR(255) NOT NULL,
	Description CLOB,
	Goal INT CHECK (Goal >= 0) DEFAULT 0,
	Admonitions INT CHECK (Admonitions >= 0) DEFAULT 0,
	Ejections INT CHECK (Ejections >= 0) DEFAULT 0,
	PRIMARY KEY (Id),
	FOREIGN KEY (Team_id) REFERENCES SAM.Team(Id)
);

CREATE TABLE IF NOT EXISTS SAM.Player_Report (
	Report_id INT CHECK (Report_id > 0) NOT NULL,
	Player_id INT CHECK (Player_id > 0) NOT NULL,
	Goal INT CHECK (Goal >= 0) DEFAULT 0,
    Admonitions INT CHECK (Admonitions >= 0) DEFAULT 0,
	Ejection VARCHAR(1),
	PRIMARY KEY (Report_id, Player_id),
	FOREIGN KEY (Report_id) REFERENCES SAM.Report(Id),
	FOREIGN KEY (Player_id) REFERENCES SAM.Player(Id)
);

CREATE TABLE IF NOT EXISTS SAM.Tournament_Team (
	Team_id INT CHECK (Team_id > 0) NOT NULL,
	Tournament_id INT CHECK (Tournament_id > 0) NOT NULL,
	PRIMARY KEY (Team_id, Tournament_id),
	FOREIGN KEY (Team_id) REFERENCES SAM.Team(Id),
	FOREIGN KEY (Tournament_id) REFERENCES SAM.Tournament(Id)
);

CREATE TABLE IF NOT EXISTS SAM.Admin_User_Referee_Match (
	Match_id INT CHECK (Match_id > 0) NOT NULL,
	Referee_id INT CHECK (Referee_id > 0) NOT NULL,
	Admin_user_id INT CHECK (Admin_user_id > 0) NOT NULL,
	PRIMARY KEY (Match_id, Referee_id, Admin_user_id),
	FOREIGN KEY (Match_id) REFERENCES SAM.Team(Id),
	FOREIGN KEY (Referee_id) REFERENCES SAM.Referee(Id),
	FOREIGN KEY (Admin_user_id) REFERENCES SAM.Admin_User(Id)
);

CREATE TABLE IF NOT EXISTS SAM.Team_Player_Report (
	Report_id INT CHECK (Report_id > 0) NOT NULL,
	Team_id INT CHECK (Team_id > 0) NOT NULL,
	Player_id INT CHECK (Player_id > 0) NOT NULL,
	Reserve VARCHAR(1) NOT NULL,
	PRIMARY KEY (Report_id, Team_id, Player_id),
	FOREIGN KEY (Report_id) REFERENCES SAM.Report(Id),
	FOREIGN KEY (Team_id) REFERENCES SAM.Team(Id),
	FOREIGN KEY (Player_id) REFERENCES SAM.Player(Id)
);

CREATE TABLE IF NOT EXISTS SAM.Tournament_Team_Match (
	Match_id INT CHECK (Match_id > 0) NOT NULL,
	Team_id INT CHECK (Team_id > 0) NOT NULL,
	Other_team_id INT CHECK (Other_team_id > 0) NOT NULL,
	Tournament_id INT CHECK (Tournament_id > 0) NOT NULL,
	Match_name VARCHAR(30) NOT NULL,
	PRIMARY KEY (Match_id, Team_id, Other_team_id, Tournament_id),
	FOREIGN KEY (Match_id) REFERENCES SAM.Match(Id),
	FOREIGN KEY (Team_id) REFERENCES SAM.Team(Id),
	FOREIGN KEY (Other_team_id) REFERENCES SAM.Team(Id),
	FOREIGN KEY (Tournament_id) REFERENCES SAM.Tournament(Id)
);

INSERT INTO SAM.USER (ID, NAME, SURNAME, PASSWORD, EMAIL, ROLE, ACTIVE) VALUES
(1, 'Michele', 'Vaccari', 'Password01', 'm.vaccari@sam.com', 'Admin', 'Y'),
(2, 'Urbano', 'Cairo', 'Password01', 'u.cairo@sam.com', 'TeamManager', 'Y'),
(4, 'Walter', 'Mattioli', 'Password01', 'w.mattioli@sam.com', 'TeamManager', 'Y'),
(5, 'Maurizio', 'Setti', 'Password01', 'm.setti@sam.com', 'TeamManager', 'Y'),
(6, 'Joey', 'Saputo', 'Password01', 'j.saputo@sam.com', 'TeamManager', 'Y'),
(7, 'Massimo', 'Busacca', 'Password01', 'm.busacca@sam.com', 'Referee', 'Y'),
(8, 'Pierluigi', 'Collina', 'Password01', 'p.collina@sam.com', 'Referee', 'Y'),
(9, 'Antonio', 'Vaccari', 'Password01', 'a.vaccari@sam.com', 'Referee', 'N');

INSERT INTO SAM.ADMIN_USER (ID) VALUES
(1);

INSERT INTO SAM.REGISTERED_USER (ID, PHONE, ADDRESS, ADMIN_USER_ID) VALUES
(2, '3471729713', 'Via Torino', 1),
(4, '3335248448', 'Via Ferrara', 1),
(5, '3335248448', 'Via Verona', 1),
(6, '3335248448', 'Via Bologna', 1),
(7, '3335248448', 'Via Svizzera', 1),
(8, '3335248448', 'Via Bologna', 1),
(9, '3463413639', 'Via Polesine', 1);

INSERT INTO SAM.REFEREE (ID, BIRTH_DATE, CITIZENSHIP, RESUME) VALUES
(7, '06-02-1969', 'Svizzera', 'Dal 1º gennaio 1999 è arbitro internazionale FIFA e nel 2002 ha ricoperto il ruolo di quarto uomo durante la finale della UEFA Champions League tra Real Madrid e Bayer Leverkusen. Nel 2003 e nel 2005 viene impiegato in occasione dei mondiali under 20 disputatisi, rispettivamente, negli Emirati Arabi Uniti e nei Paesi Bassi. Nel 2004 è stato inserito nella categoria Élite degli arbitri UEFA.'),
(8, '13-02-1960', 'Italiana', 'Tra le partite arbitrate, ci sono una finale di Coppa Campioni 1998-1999 (con la rocambolesca vittoria del Manchester United grazie a due gol segnati nei minuti di recupero) e la finale del Mondiali 2002 Brasile-Germania, terminata 2-0 per i brasiliani (nello stesso torneo diresse anche Argentina-Inghilterra e l`ottavo di finale Turchia-Giappone).\r\n\r\nHa diretto inoltre la Finale di Coppa UEFA 2003-2004 tra Valencia e Marsiglia (2-0) e la finale del torneo calcistico alle Olimpiadi del 1996 tra Nigeria e Argentina (3-2); in tale competizione diresse altre 4 gare.\r\n\r\nÈ stato impiegato anche al Campionato mondiale di calcio 1998, dove fu designato per Paesi Bassi-Belgio e Francia-Danimarca, al Campionato europeo di calcio 2000, in cui gli vennero affidate Paesi Bassi-Repubblica Ceca, Inghilterra-Germania e il quarto di finale Francia-Spagna. Inoltre ha diretto la semifinale Repubblica Ceca-Grecia di Portogallo 2004, oltre che la partita inaugurale Portogallo-Grecia e Inghilterra-Croazia.'),
(9, '13-12-1993', 'Italiana', 'Carriera breve');

INSERT INTO SAM.TEAM_MANAGER (ID) VALUES
(2),
(4),
(5),
(6);

INSERT INTO SAM.TEAM (ID, NAME, SPONSOR_NAME, HEADQUARTERS, DESCRIPTION, TEAM_MANAGER_ID) VALUES
(1, 'Torino', 'Suzuki', 'Torino', 'Il Torino Football Club, meglio conosciuto come Torino, è una società calcistica italiana con sede nella città di Torino. Il club odierno, rifondato nel 2005, è la continuazione dello storico sodalizio sorto nel 1906 dalla fusione tra il Football Club Torinese e soci dissidenti del Foot-Ball Club Juventus, e denominato Foot Ball Club Torino sino al 1936, Associazione Calcio Torino fino al 1943, dal 1945 al 1958 e ancora dal 1959 al 1977, Torino FIAT nel 1944, Associazione Calcio Talmone Torino nel 1958-59 e Torino Calcio dal 1977 al 2005. Milita nel campionato di Serie A.', 2),
(2, 'S.P.A.L. 2013', 'Interspar', 'Ferrara', 'a S.P.A.L. 2013, meglio conosciuta come SPAL (acronimo di Società Polisportiva Ars et Labor), è una società calcistica italiana con sede nella città di Ferrara. Il club, costituitosi nel marzo 1907[2], è stato rifondato a seguito di due fallimenti societari datati 2005 e 2012. La squadra nella stagione 2017-2018 milita in Serie A.\r\n\r\nNella sua storia ha partecipato a 22 edizioni del massimo campionato italiano, di cui 17 alla Serie A a girone unico. Oltre ad aver raggiunto una finale di Coppa Italia nel 1962, ha vinto una Coppa Italia di Serie C nel 1999 e una Supercoppa di Lega Pro nel 2016; in ambito internazionale si è aggiudicata l`ultima edizione della Coppa dell`Amicizia nel 1968. È stata inoltre insignita della Stella d`oro al merito sportivo nel 1974.', 4),
(3, 'Hellas Verona', 'agsm', 'Verona', 'L`Hellas Verona Football Club, noto comunemente come Hellas Verona o più semplicemente come Verona, è una società calcistica italiana con sede nella città di Verona. È uno dei club italiani più antichi, essendo stato fondato nel 1903 come Associazione Calcio Hellas, nonché la prima squadra di calcio della città per seguito di tifosi. Il club milita in Serie A, il massimo campionato italiano di calcio.\r\n\r\nDall`istituzione della Serie A a girone unico (1929), l`Hellas è stata l`unica squadra di una città non capoluogo di regione a vincere, nella stagione 1984-1985, il campionato di massima serie. Proprio gli anni 1980 sono il periodo di maggiori soddisfazioni sportive per il club, che arriva anche due volte consecutive (delle tre complessive) alla finale di Coppa Italia, disputando inoltre diverse partite nelle coppe europee (con una partecipazione alla Coppa dei Campioni e due alla Coppa UEFA). I gialloblù hanno partecipato a 28 campionati di Serie A, a 52 di Serie B e a 6 di Serie C; la compagine scaligera è inoltre la seconda (alle spalle del Brescia) per presenze nel campionato cadetto, torneo che ha vinto in tre occasioni. Attualmente la FIGC considera il Verona al tredicesimo posto nella graduatoria della tradizione sportiva dei club ad essa affiliati.', 5),
(4, 'Bologna', 'FAAC', 'Bologna', 'Il Bologna Football Club 1909, comunemente noto come Bologna, è una società calcistica italiana fondata nel 1909 nell`omonimo capoluogo emiliano. La squadra milita in Serie A. Ha partecipato a 70 campionati di Serie A su 85, piazzandosi al nono posto nella classifica del maggior numero di presenze delle formazioni nella massima categoria italiana. Occupa il 53º posto del ranking delle migliori squadre del XX secolo, ottava italiana, dell`IFFHS. Secondo la FIGC è il club con l`ottava miglior tradizione sportiva in Italia.\r\n\r\nTra i club più blasonati d`italia, vanta 7 titoli di campione d`Italia, due Coppe Italia e una Coppa Alta Italia. In ambito internazionale, il Bologna fu la prima squadra italiana a vincere un trofeo continentale, nel 1932: la Coppa dell`Europa Centrale, la più antica manifestazione europea per squadre di club, poi riconquistata dai felsinei in altre due occasioni; tra gli altri successi fuori dai confini nazionali, i rossoblù annoverano una Coppa Intertoto, una Coppa di Lega Italo-Inglese e il Torneo Internazionale dell`Expo Universale di Parigi 1937.', 6);

INSERT INTO SAM.PLAYER (ID, NAME, SURNAME, CITIZENSHIP, BIRTH_DATE, JERSEY_NUMBER, ROLE, GOAL, ADMONITIONS, EJECTIONS, ACTIVE, DESCRIPTION, TEAM_ID) VALUES
(1, 'Salvador', 'Ichazo', 'Uruguay', '26-01-1992', 1, 'Portiere', 0, 0, 0, 'Y', 'Milita fin dal 2006 nel Danubio, prima giocando con le formazioni giovanili e poi venendo aggregato alla prima squadra. Nel 2013 vince il Torneo Apertura e nel 2014 vince la finale scudetto della Primera División Profesional, dopo che i suoi hanno raggiunto il pareggio al 118`, ha neutralizzato ben 4 tiri dagli undici metri contro i Montevideo Wanderers, vincendo così il suo primo campionato, il quarto nella storia del Danubio.', 1),
(2, 'Cristian', 'Molinaro', 'Italiana', '30-07-1983', 3, 'Difensore', 1, 0, 0, 'Y', 'Ha iniziato a giocare all`età di 5 anni nella squadra della Gelbison, a Vallo della Lucania. Cresce calcisticamente nella Salernitana e, terminata la gavetta nelle squadre giovanili, esordisce con questa nel campionato di Serie B 2002-2003. Le due stagioni agonistiche successive le gioca da titolare nelle file salernitane, realizzando nel 2004-2005 la sua prima marcatura fra i professionisti, in un incontro tra i campani ed il Bari.', 1),
(3, 'Mirko', 'Valdifiori', 'Italiana', '21-04-1986', 5, 'Centrocampista', 2, 1, 0, 'Y', 'Predilige giocare davanti alla difesa preferibilmente in un centrocampo a tre, è un regista abile a dettare i tempi di gioco. Calcia bene punizioni e corner ed è abile nel servire assist ai compagni, mentre la conclusione in porta non è un`abilità del suo repertorio.', 1),
(4, 'Afriyie', 'Acquah', 'Ghana', '05-01-1992', 6, 'Centrocampista', 0, 0, 0, 'Y', 'È un talentuoso centrocampista ambidestro (il suo piede preferito è il destro) veloce e forte fisicamente e dotato di temperamento, che grazie alla sua duttilità può giocare in tutte le zone del centrocampo. È in grado di impostare la manovra con buoni lanci se impiegato da regista,di rallentare il gioco avversario e di inserirsi nell`area avversaria. È paragonato a Michael Essien.', 1),
(5, 'Daniele', 'Basselli', 'Italiana', '12-03-1992', 8, 'Centrocampista', 0, 1, 0, 'Y', 'Secondo il suo procuratore Giuseppe Riso «Il suo ruolo sicuramente è da mezz`ala, non davanti la difesa. Col tempo riuscirà anche a fare il metodista però in questo momento ha tempi d`inserimento ed è abbastanza pericoloso quando si inserisce in area avversaria. È un centrocampista box to box?, pulito nell`intervento, abile nei passaggi con entrambi i piedi, elegante e molto tecnico».', 1),
(6, 'Andrea', 'Belotti', 'Italiana', '20-12-1993', 9, 'Attaccante', 0, 0, 0, 'Y', 'Inizia la carriera alternandosi tra la mediana e la fascia, salvo poi adattarsi a prima punta sotto la guida di Alessio Pala ai tempi in cui militava nella primavera dell`AlbinoLeffe. Paragonato a Gianluca Vialli per prestanza fisica e stile di gioco, è un talentuoso centravanti, in possesso di un tiro potente con entrambi i piedi e abile nel gioco aereo. Spicca per accelerazione, intelligenza tattica, spirito di sacrificio e fiuto del gol.', 1),
(7, 'Adem', 'Ljajic', 'Serbia', '29-09-1991', 10, 'Attaccante', 0, 0, 1, 'Y', 'Ljaji&#263; può giocare, all`occorrenza, da seconda punta, trequartista o esterno offensivo; le sue movenze ricordano quelle del brasiliano Kaká e per questo motivo viene soprannominato il Kaká dell`est. È rapido e possiede buona tecnica nel dribbling, fattori che lo portano a tentare spesso di puntare e saltare l`uomo. In più egli è dotato di un buon tiro dalla distanza, qualità che fa di lui un abile calciatore di punizioni. Date le sue caratteristiche egli viene schierato spesso come esterno sinistro d`attacco affinché operi un movimento a rientrare, accentrandosi dalla fascia verso l`area di rigore per saltare l`uomo e liberare il suo destro negli ultimi venti metri.', 1),
(8, 'M`Baye', 'Niang', 'Francia', '19-12-1994', 11, 'Attaccante', 1, 0, 0, 'Y', 'Paragonato a Thierry Henry per le sue doti fisiche, è capace di abbinare ottime doti atletiche ad una grande tecnica sia come attaccante centrale, sia come seconda punta e anche come esterno in un attacco a tre.', 1),
(9, 'Nicolas', 'Burdisso', 'Argentina', '12-04-1981', 13, 'Difensore', 2, 0, 0, 'Y', 'Difensore duttile e di buona personalità, capace di adattarsi anche al ruolo di centrocampista, ai tempi del Boca Juniors era solito contribuire anche alla costruzione del gioco, senza limitarsi ai compiti di marcatura.', 1),
(10, 'Iago', 'Iago', 'Spagna', '04-01-1980', 14, 'Attaccante', 0, 0, 0, 'Y', 'Mancino naturale è dotato di buone attitudini offensive. Nasce centrocampista laterale di destra, ma può giocare anche come trequartista o seconda punta, che è il ruolo più consono alle sue caratteristiche. Dispone inoltre di grande intelligenza tattica il che gli permette di poter impostare la manovra offensiva effettuando dei cross precisi verso l`area di rigore, oltre che di una tecnica sopraffina che gli permette di saltare il diretto avversario grazie al caratteristico doppio passo.', 1),
(11, 'Cristian', 'Ansaldi', 'Argentina', '20-09-1986', 15, 'Centrocampista', 0, 1, 0, 'Y', 'Terzino, può giocare su entrambe le fasce. Occasionalmente può giocare anche a centrocampo.', 1),
(12, 'Samuel', 'Gustafson', 'Svezia', '11-01-1995', 16, 'Centrocampista', 0, 0, 0, 'Y', 'I fratelli Gustafson sono usciti dal vivaio del Fässberg, squadra con cui hanno vinto la Gothia Cup 2012, un torneo internazionale di calcio giovanile che si tiene ogni anno a Göteborg. Entrambi con il Fässberg hanno mosso i primi passi anche a livello senior nelle serie minori, così come insieme sono approdati all`Häcken nel gennaio 2013.', 1),
(13, 'Alejandro', 'Berenguer', 'Spagna', '04-07-1995', 21, 'Attaccante', 0, 0, 0, 'Y', 'Cresciuto nel settore giovanile dell`Osasuna, debutta in prima squadra il 10 settembre 2014 nella gara di Copa del Rey contro l`Alavés. Il 10 gennaio 2015 debutta in Segunda División nel pareggio (1-1) con il Recreativo Huelva.\r\n\r\n', 1),
(14, 'Joel', 'Obi', 'Nigeria', '22-05-1991', 22, 'Centrocampista', 0, 0, 1, 'Y', 'Giocatore rapido e veloce, in possesso di buone doti fisiche e tecniche: può ricoprire le posizioni di esterno e centrale di centrocampo.', 1),
(15, 'Antonio', 'Barreca', 'Italiana', '18-03-1995', 23, 'Difensore', 2, 0, 0, 'Y', 'Ricopre principalmente il ruolo di terzino sinistro ma è spesso usato con buoni risultati come esterno di centrocampo, ha una buona visione di gioco, un`ottima velocità, discreta facilità di corsa ed è abile nel servire i compagni con precisi cross dal fondo.[', 1),
(16, 'Emiliano', 'Moretti', 'Italiana', '11-06-1981', 24, 'Difensore', 1, 0, 0, 'Y', 'Mancino naturale, nasce come terzino di fascia sinistra, ma in carriera è stato spesso impiegato come difensore centrale. Dotato di notevole fisicità e ottima tecnica, è bravo anche di testa.', 1),
(17, 'Lorenzo', 'De Silvestri', 'Italiana', '23-05-1988', 29, 'Difensore', 1, 0, 0, 'Y', 'Giocatore dotato di grande resistenza e agonismo, che gli consentono di diventare estremamente pericoloso nelle discese e compiere incursioni nella metà campo avversaria. Riesce a giocare sia come tornante con alle spalle una difesa a tre, sia come terzino in una difesa a quattro. Ha la capacità di farsi sentire sotto porta, rendendosi pericoloso nei calci piazzati. All`occorrenza può giocare anche da terzino sinistro.', 1),
(18, 'Lucas', 'Boyé', 'Argentina', '28-02-1996', 31, 'Difensore', 0, 1, 0, 'Y', 'È una punta centrale che sa disimpegnarsi anche come esterno d`attacco o seconda punta. Attaccante dal tocco di palla delicato e dal fisico imponente, in Argentina è stato soprannominato El Tanque (in italiano il carroarmato) o più frequentemente El Toro , per via della sua forza fisica. Ha nella corsa e nella resistenza (più che nello scatto) le sue doti principali. È inoltre bravo nei duelli aerei e nella protezione del pallone, così come nel colpo di testa.', 1),
(19, 'Salvatore', 'Sirigu', 'Italiana', '12-01-1987', 39, 'Portiere', 0, 0, 0, 'Y', 'Talvolta accostato a Walter Zenga ? sebbene il suo ex allenatore Emiliano Mondonico lo ritenesse caratterialmente più simile a Dino Zoff ?, Sirigu è un portiere affidabile, dotato di forte personalità, freddo e sicuro tra i pali.', 1),
(20, 'Alfred', 'Gomis', 'Italiana', '13-12-1993', 1, 'Portiere', 0, 1, 0, 'Y', 'Nato a Ziguinchor, in Senegal, ha tre fratelli, Lys e Maurice, anch`essi portieri, e il più piccolo David. Possedendo la doppia cittadinanza, a differenza di Lys che ha scelto di giocare per il Senegal, Alfred ha dichiarato di preferire gli azzurri.', 2),
(21, 'Marios', 'Oikonomou', 'Argentina', '13-12-1993', 2, 'Difensore', 3, 0, 0, 'Y', 'Nato a Ziguinchor, in Senegal, ha tre fratelli, Lys e Maurice, anch`essi portieri, e il più piccolo David.[4] Possedendo la doppia cittadinanza, a differenza di Lys che ha scelto di giocare per il Senegal, Alfred ha dichiarato di preferire gli azzurri.', 2),
(22, 'Fabio', 'Della Giovanna', 'Italiana', '13-12-1993', 5, 'Difensore', 0, 0, 0, 'Y', 'Nato a Ziguinchor, in Senegal, ha tre fratelli, Lys e Maurice, anch`essi portieri, e il più piccolo David.[4] Possedendo la doppia cittadinanza, a differenza di Lys che ha scelto di giocare per il Senegal, Alfred ha dichiarato di preferire gli azzurri.', 2),
(23, 'Michele', 'Cremonesi', 'Italiana', '13-12-1993', 6, 'Difensore', 1, 1, 1, 'Y', 'Nato a Ziguinchor, in Senegal, ha tre fratelli, Lys e Maurice, anch`essi portieri, e il più piccolo David.[4] Possedendo la doppia cittadinanza, a differenza di Lys che ha scelto di giocare per il Senegal, Alfred ha dichiarato di preferire gli azzurri.', 2),
(24, 'Mirco', 'Antenucci', 'Italiana', '11-01-1995', 7, 'Attaccante', 0, 0, 0, 'Y', 'Nato a Ziguinchor, in Senegal, ha tre fratelli, Lys e Maurice, anch`essi portieri, e il più piccolo David.[4] Possedendo la doppia cittadinanza, a differenza di Lys che ha scelto di giocare per il Senegal, Alfred ha dichiarato di preferire gli azzurri.', 2),
(25, 'Alessandro', 'Bellemo', 'Italiana', '11-01-1995', 8, 'Centrocampista', 2, 0, 0, 'Y', 'Nato a Ziguinchor, in Senegal, ha tre fratelli, Lys e Maurice, anch`essi portieri, e il più piccolo David.[4] Possedendo la doppia cittadinanza, a differenza di Lys che ha scelto di giocare per il Senegal, Alfred ha dichiarato di preferire gli azzurri.', 2),
(26, 'Federico', 'Bonazzoli', 'Italiana', '13-12-1993', 9, 'Attaccante', 3, 0, 0, 'Y', 'Nato a Ziguinchor, in Senegal, ha tre fratelli, Lys e Maurice, anch`essi portieri, e il più piccolo David.[4] Possedendo la doppia cittadinanza, a differenza di Lys che ha scelto di giocare per il Senegal, Alfred ha dichiarato di preferire gli azzurri.', 2),
(27, 'Sergio', 'Floccari', 'Italiana', '12-01-1987', 10, 'Attaccante', 0, 0, 0, 'Y', 'Nato a Ziguinchor, in Senegal, ha tre fratelli, Lys e Maurice, anch`essi portieri, e il più piccolo David.[4] Possedendo la doppia cittadinanza, a differenza di Lys che ha scelto di giocare per il Senegal, Alfred ha dichiarato di preferire gli azzurri.', 2),
(28, 'Luca', 'Rizzo', 'Italiana', '13-12-1993', 11, 'Centrocampista', 2, 1, 0, 'Y', 'Nato a Ziguinchor, in Senegal, ha tre fratelli, Lys e Maurice, anch`essi portieri, e il più piccolo David.[4] Possedendo la doppia cittadinanza, a differenza di Lys che ha scelto di giocare per il Senegal, Alfred ha dichiarato di preferire gli azzurri.', 2),
(29, 'Pa', 'Konate', 'Svezia', '12-01-1987', 12, 'Centrocampista', 0, 0, 1, 'Y', 'Nato a Ziguinchor, in Senegal, ha tre fratelli, Lys e Maurice, anch`essi portieri, e il più piccolo David.[4] Possedendo la doppia cittadinanza, a differenza di Lys che ha scelto di giocare per il Senegal, Alfred ha dichiarato di preferire gli azzurri.', 2),
(30, 'Federico', 'Mattiello', 'Italiana', '12-03-1992', 14, 'Difensore', 0, 0, 0, 'Y', 'Nato a Ziguinchor, in Senegal, ha tre fratelli, Lys e Maurice, anch`essi portieri, e il più piccolo David.[4] Possedendo la doppia cittadinanza, a differenza di Lys che ha scelto di giocare per il Senegal, Alfred ha dichiarato di preferire gli azzurri.', 2),
(31, 'Sauli', 'Vaisanen', 'Finlandia', '11-06-1981', 15, 'Difensore', 0, 0, 0, 'Y', 'Nato a Ziguinchor, in Senegal, ha tre fratelli, Lys e Maurice, anch`essi portieri, e il più piccolo David.[4] Possedendo la doppia cittadinanza, a differenza di Lys che ha scelto di giocare per il Senegal, Alfred ha dichiarato di preferire gli azzurri.', 2),
(32, 'Giacomo', 'Poluzzi', 'Italiana', '11-01-1995', 17, 'Portiere', 0, 0, 0, 'Y', 'Nato a Ziguinchor, in Senegal, ha tre fratelli, Lys e Maurice, anch`essi portieri, e il più piccolo David.[4] Possedendo la doppia cittadinanza, a differenza di Lys che ha scelto di giocare per il Senegal, Alfred ha dichiarato di preferire gli azzurri.', 2),
(33, 'Eros', 'Schiavon', 'Italiana', '11-01-1995', 18, 'Centrocampista', 0, 1, 0, 'Y', 'Nato a Ziguinchor, in Senegal, ha tre fratelli, Lys e Maurice, anch`essi portieri, e il più piccolo David.[4] Possedendo la doppia cittadinanza, a differenza di Lys che ha scelto di giocare per il Senegal, Alfred ha dichiarato di preferire gli azzurri.', 2),
(34, 'Luca', 'Mora', 'Italiana', '12-01-1987', 20, 'Centrocampista', 0, 0, 0, 'Y', 'Nato a Ziguinchor, in Senegal, ha tre fratelli, Lys e Maurice, anch`essi portieri, e il più piccolo David.[4] Possedendo la doppia cittadinanza, a differenza di Lys che ha scelto di giocare per il Senegal, Alfred ha dichiarato di preferire gli azzurri.', 2),
(35, 'Bartosz', 'Salamon', 'Polonia', '12-04-1981', 21, 'Difensore', 1, 0, 0, 'Y', 'Nato a Ziguinchor, in Senegal, ha tre fratelli, Lys e Maurice, anch`essi portieri, e il più piccolo David.[4] Possedendo la doppia cittadinanza, a differenza di Lys che ha scelto di giocare per il Senegal, Alfred ha dichiarato di preferire gli azzurri.', 2),
(36, 'Marco', 'Borriello', 'Italiana', '11-06-1981', 22, 'Attaccante', 0, 0, 0, 'Y', 'Nato a Ziguinchor, in Senegal, ha tre fratelli, Lys e Maurice, anch`essi portieri, e il più piccolo David.[4] Possedendo la doppia cittadinanza, a differenza di Lys che ha scelto di giocare per il Senegal, Alfred ha dichiarato di preferire gli azzurri.', 2),
(37, 'Francesco', 'Vicari', 'Italiana', '12-01-1987', 23, 'Difensore', 4, 0, 0, 'Y', 'Nato a Ziguinchor, in Senegal, ha tre fratelli, Lys e Maurice, anch`essi portieri, e il più piccolo David.[4] Possedendo la doppia cittadinanza, a differenza di Lys che ha scelto di giocare per il Senegal, Alfred ha dichiarato di preferire gli azzurri.', 2),
(38, 'Mattia', 'Vitale', 'Italiana', '12-01-1987', 24, 'Centrocampista', 0, 1, 0, 'Y', 'Nato a Ziguinchor, in Senegal, ha tre fratelli, Lys e Maurice, anch`essi portieri, e il più piccolo David.[4] Possedendo la doppia cittadinanza, a differenza di Lys che ha scelto di giocare per il Senegal, Alfred ha dichiarato di preferire gli azzurri.', 2),
(39, 'Nicolas', 'Andrade', 'Brazile', '12-01-1987', 1, 'Portiere', 1, 0, 0, 'Y', 'Prelevato dal Verona a 22 anni, nel gennaio 2011, quando la squadra veronese militava in Lega Pro Prima Divisione. Ha ricoperto il ruolo di riserva per quattro stagioni, ottenendo due promozioni. Ha esordito in Serie A il 18 maggio 2014, all`ultima di campionato, in Napoli-Verona (5-1).', 3),
(40, 'Romulo', 'Calderia', 'Italiana', '11-01-1995', 2, 'Centrocampista', 0, 1, 0, 'Y', 'Prelevato dal Verona a 22 anni, nel gennaio 2011, quando la squadra veronese militava in Lega Pro Prima Divisione. Ha ricoperto il ruolo di riserva per quattro stagioni, ottenendo due promozioni. Ha esordito in Serie A il 18 maggio 2014, all`ultima di campionato, in Napoli-Verona (5-1).', 3),
(41, 'Nicolò', 'Cherubin', 'Italiana', '11-06-1981', 3, 'Difensore', 0, 0, 0, 'Y', 'Prelevato dal Verona a 22 anni, nel gennaio 2011, quando la squadra veronese militava in Lega Pro Prima Divisione. Ha ricoperto il ruolo di riserva per quattro stagioni, ottenendo due promozioni. Ha esordito in Serie A il 18 maggio 2014, all`ultima di campionato, in Napoli-Verona (5-1).', 3),
(42, 'Simon', 'Laner', 'Italiana', '11-06-1981', 4, 'Centrocampista', 0, 0, 1, 'Y', 'Prelevato dal Verona a 22 anni, nel gennaio 2011, quando la squadra veronese militava in Lega Pro Prima Divisione. Ha ricoperto il ruolo di riserva per quattro stagioni, ottenendo due promozioni. Ha esordito in Serie A il 18 maggio 2014, all`ultima di campionato, in Napoli-Verona (5-1).', 3),
(43, 'Bruno', 'Zuculini', 'Argentina', '11-06-1981', 5, 'Centrocampista', 1, 0, 1, 'Y', 'Prelevato dal Verona a 22 anni, nel gennaio 2011, quando la squadra veronese militava in Lega Pro Prima Divisione. Ha ricoperto il ruolo di riserva per quattro stagioni, ottenendo due promozioni. Ha esordito in Serie A il 18 maggio 2014, all`ultima di campionato, in Napoli-Verona (5-1).', 3),
(44, 'Daniele', 'Verde', 'Italiana', '18-03-1995', 7, 'Attaccante', 1, 0, 0, 'Y', 'Prelevato dal Verona a 22 anni, nel gennaio 2011, quando la squadra veronese militava in Lega Pro Prima Divisione. Ha ricoperto il ruolo di riserva per quattro stagioni, ottenendo due promozioni. Ha esordito in Serie A il 18 maggio 2014, all`ultima di campionato, in Napoli-Verona (5-1).', 3),
(45, 'Marco', 'Fossati', 'Italiana', '12-01-1987', 8, 'Centrocampista', 2, 0, 0, 'Y', 'Prelevato dal Verona a 22 anni, nel gennaio 2011, quando la squadra veronese militava in Lega Pro Prima Divisione. Ha ricoperto il ruolo di riserva per quattro stagioni, ottenendo due promozioni. Ha esordito in Serie A il 18 maggio 2014, all`ultima di campionato, in Napoli-Verona (5-1).', 3),
(46, 'Moise', 'Kean', 'Italiana', '11-06-1981', 9, 'Attaccante', 0, 1, 0, 'Y', 'Prelevato dal Verona a 22 anni, nel gennaio 2011, quando la squadra veronese militava in Lega Pro Prima Divisione. Ha ricoperto il ruolo di riserva per quattro stagioni, ottenendo due promozioni. Ha esordito in Serie A il 18 maggio 2014, all`ultima di campionato, in Napoli-Verona (5-1).', 3),
(47, 'Alessio', 'Cerci', 'Italiana', '18-03-1995', 10, 'Attaccante', 0, 0, 0, 'Y', 'Prelevato dal Verona a 22 anni, nel gennaio 2011, quando la squadra veronese militava in Lega Pro Prima Divisione. Ha ricoperto il ruolo di riserva per quattro stagioni, ottenendo due promozioni. Ha esordito in Serie A il 18 maggio 2014, all`ultima di campionato, in Napoli-Verona (5-1).', 3),
(48, 'Giampaolo', 'Pazzini', 'Italiana', '18-03-1995', 11, 'Attaccante', 0, 0, 0, 'Y', 'Prelevato dal Verona a 22 anni, nel gennaio 2011, quando la squadra veronese militava in Lega Pro Prima Divisione. Ha ricoperto il ruolo di riserva per quattro stagioni, ottenendo due promozioni. Ha esordito in Serie A il 18 maggio 2014, all`ultima di campionato, in Napoli-Verona (5-1).', 3),
(49, 'Antonio Aldo', 'Caracciolo', 'Italiana', '11-06-1981', 12, 'Difensore', 1, 1, 0, 'Y', 'Prelevato dal Verona a 22 anni, nel gennaio 2011, quando la squadra veronese militava in Lega Pro Prima Divisione. Ha ricoperto il ruolo di riserva per quattro stagioni, ottenendo due promozioni. Ha esordito in Serie A il 18 maggio 2014, all`ultima di campionato, in Napoli-Verona (5-1).', 3),
(50, 'Franco', 'Zuculini', 'Argentina', '11-01-1995', 14, 'Centrocampista', 0, 1, 0, 'Y', 'Prelevato dal Verona a 22 anni, nel gennaio 2011, quando la squadra veronese militava in Lega Pro Prima Divisione. Ha ricoperto il ruolo di riserva per quattro stagioni, ottenendo due promozioni. Ha esordito in Serie A il 18 maggio 2014, all`ultima di campionato, in Napoli-Verona (5-1).', 3),
(51, 'Marco', 'Silvestri', 'Italiana', '11-01-1995', 17, 'Portiere', 0, 0, 0, 'Y', 'Prelevato dal Verona a 22 anni, nel gennaio 2011, quando la squadra veronese militava in Lega Pro Prima Divisione. Ha ricoperto il ruolo di riserva per quattro stagioni, ottenendo due promozioni. Ha esordito in Serie A il 18 maggio 2014, all`ultima di campionato, in Napoli-Verona (5-1).', 3),
(52, 'Mattia', 'Zaccagni', 'Italiana', '18-03-1995', 20, 'Centrocampista', 1, 1, 0, 'Y', 'Prelevato dal Verona a 22 anni, nel gennaio 2011, quando la squadra veronese militava in Lega Pro Prima Divisione. Ha ricoperto il ruolo di riserva per quattro stagioni, ottenendo due promozioni. Ha esordito in Serie A il 18 maggio 2014, all`ultima di campionato, in Napoli-Verona (5-1).', 3),
(53, 'Lee', 'Seung-woo', 'Corea del Sud', '18-03-1995', 21, 'Attaccante', 0, 0, 0, 'Y', 'Prelevato dal Verona a 22 anni, nel gennaio 2011, quando la squadra veronese militava in Lega Pro Prima Divisione. Ha ricoperto il ruolo di riserva per quattro stagioni, ottenendo due promozioni. Ha esordito in Serie A il 18 maggio 2014, all`ultima di campionato, in Napoli-Verona (5-1).', 3),
(54, 'Matteo', 'Bianchetti', 'Italiana', '11-06-1981', 22, 'Difensore', 2, 0, 0, 'Y', 'Prelevato dal Verona a 22 anni, nel gennaio 2011, quando la squadra veronese militava in Lega Pro Prima Divisione. Ha ricoperto il ruolo di riserva per quattro stagioni, ottenendo due promozioni. Ha esordito in Serie A il 18 maggio 2014, all`ultima di campionato, in Napoli-Verona (5-1).', 3),
(55, 'Daniel', 'Bessa', 'Italiana', '12-03-1992', 24, 'Centrocampista', 0, 0, 0, 'Y', 'Prelevato dal Verona a 22 anni, nel gennaio 2011, quando la squadra veronese militava in Lega Pro Prima Divisione. Ha ricoperto il ruolo di riserva per quattro stagioni, ottenendo due promozioni. Ha esordito in Serie A il 18 maggio 2014, all`ultima di campionato, in Napoli-Verona (5-1).', 3),
(56, 'Martin', 'Caceres', 'Italiana', '12-03-1992', 26, 'Difensore', 0, 0, 0, 'Y', 'Prelevato dal Verona a 22 anni, nel gennaio 2011, quando la squadra veronese militava in Lega Pro Prima Divisione. Ha ricoperto il ruolo di riserva per quattro stagioni, ottenendo due promozioni. Ha esordito in Serie A il 18 maggio 2014, all`ultima di campionato, in Napoli-Verona (5-1).', 3),
(57, 'Mattia', 'Valoti', 'Italiana', '19-12-1994', 27, 'Centrocampista', 0, 0, 0, 'Y', 'Prelevato dal Verona a 22 anni, nel gennaio 2011, quando la squadra veronese militava in Lega Pro Prima Divisione. Ha ricoperto il ruolo di riserva per quattro stagioni, ottenendo due promozioni. Ha esordito in Serie A il 18 maggio 2014, all`ultima di campionato, in Napoli-Verona (5-1).', 3),
(58, 'Alex', 'Ferrari', 'Italiana', '12-01-1987', 28, 'Difensore', 0, 0, 0, 'Y', 'Prelevato dal Verona a 22 anni, nel gennaio 2011, quando la squadra veronese militava in Lega Pro Prima Divisione. Ha ricoperto il ruolo di riserva per quattro stagioni, ottenendo due promozioni. Ha esordito in Serie A il 18 maggio 2014, all`ultima di campionato, in Napoli-Verona (5-1).', 3),
(59, 'Angelo', 'Da Costa', 'Brasile', '13-12-1993', 1, 'Portiere', 0, 0, 1, 'Y', 'Cresce nelle giovanili del Santo André con cui vince nel 2003 la Copa São Paulo de Futebol Júnior e la Copa Paulista de Futebol.\r\n\r\nDal 2003 al 2007 gioca nella prima squadra del Santo André, contribuendo nel 2004 alla vittoria del primo e unico titolo della storia del Santo André, la Copa do Brasil, competizione nella quale gioca 8 delle 11 partite totali, saltando comunque la finale contro il Flamengo. Negli anni successivi, conditi dall`esordio in Copa Libertadores nel 2005 nella partita contro il Cerro Porteño, gioca a sprazzi, alternandosi con il collega Júlio César Martins.', 4),
(60, 'Adam', 'Nagy', 'Ungheria', '12-01-1987', 2, 'Centrocampista', 1, 0, 0, 'Y', 'Cresce nelle giovanili del Santo André con cui vince nel 2003 la Copa São Paulo de Futebol Júnior e la Copa Paulista de Futebol.\r\n\r\nDal 2003 al 2007 gioca nella prima squadra del Santo André, contribuendo nel 2004 alla vittoria del primo e unico titolo della storia del Santo André, la Copa do Brasil, competizione nella quale gioca 8 delle 11 partite totali, saltando comunque la finale contro il Flamengo. Negli anni successivi, conditi dall`esordio in Copa Libertadores nel 2005 nella partita contro il Cerro Porteño, gioca a sprazzi, alternandosi con il collega Júlio César Martins.', 4),
(61, 'Giancarlo', 'Gonzalez', 'Costa Rica', '19-12-1994', 3, 'Difensore', 0, 0, 0, 'Y', 'Cresce nelle giovanili del Santo André con cui vince nel 2003 la Copa São Paulo de Futebol Júnior e la Copa Paulista de Futebol.\r\n\r\nDal 2003 al 2007 gioca nella prima squadra del Santo André, contribuendo nel 2004 alla vittoria del primo e unico titolo della storia del Santo André, la Copa do Brasil, competizione nella quale gioca 8 delle 11 partite totali, saltando comunque la finale contro il Flamengo. Negli anni successivi, conditi dall`esordio in Copa Libertadores nel 2005 nella partita contro il Cerro Porteño, gioca a sprazzi, alternandosi con il collega Júlio César Martins.', 4),
(62, 'Emil', 'Krafth', 'Svezia', '18-03-1995', 4, 'Difensore', 4, 0, 0, 'Y', 'Cresce nelle giovanili del Santo André con cui vince nel 2003 la Copa São Paulo de Futebol Júnior e la Copa Paulista de Futebol.\r\n\r\nDal 2003 al 2007 gioca nella prima squadra del Santo André, contribuendo nel 2004 alla vittoria del primo e unico titolo della storia del Santo André, la Copa do Brasil, competizione nella quale gioca 8 delle 11 partite totali, saltando comunque la finale contro il Flamengo. Negli anni successivi, conditi dall`esordio in Copa Libertadores nel 2005 nella partita contro il Cerro Porteño, gioca a sprazzi, alternandosi con il collega Júlio César Martins.', 4),
(63, 'Erick', 'Pulgar', 'Cile', '18-03-1995', 5, 'Centrocampista', 0, 0, 0, 'Y', 'Cresce nelle giovanili del Santo André con cui vince nel 2003 la Copa São Paulo de Futebol Júnior e la Copa Paulista de Futebol.\r\n\r\nDal 2003 al 2007 gioca nella prima squadra del Santo André, contribuendo nel 2004 alla vittoria del primo e unico titolo della storia del Santo André, la Copa do Brasil, competizione nella quale gioca 8 delle 11 partite totali, saltando comunque la finale contro il Flamengo. Negli anni successivi, conditi dall`esordio in Copa Libertadores nel 2005 nella partita contro il Cerro Porteño, gioca a sprazzi, alternandosi con il collega Júlio César Martins.', 4),
(64, 'Sebastian', 'De Maio', 'Francia', '11-06-1981', 6, 'Attaccante', 1, 1, 0, 'Y', 'Cresce nelle giovanili del Santo André con cui vince nel 2003 la Copa São Paulo de Futebol Júnior e la Copa Paulista de Futebol.\r\n\r\nDal 2003 al 2007 gioca nella prima squadra del Santo André, contribuendo nel 2004 alla vittoria del primo e unico titolo della storia del Santo André, la Copa do Brasil, competizione nella quale gioca 8 delle 11 partite totali, saltando comunque la finale contro il Flamengo. Negli anni successivi, conditi dall`esordio in Copa Libertadores nel 2005 nella partita contro il Cerro Porteño, gioca a sprazzi, alternandosi con il collega Júlio César Martins.', 4),
(65, 'Bruno', 'Petkovic', 'Croazia', '13-12-1993', 7, 'Attaccante', 3, 0, 0, 'Y', 'Cresce nelle giovanili del Santo André con cui vince nel 2003 la Copa São Paulo de Futebol Júnior e la Copa Paulista de Futebol.\r\n\r\nDal 2003 al 2007 gioca nella prima squadra del Santo André, contribuendo nel 2004 alla vittoria del primo e unico titolo della storia del Santo André, la Copa do Brasil, competizione nella quale gioca 8 delle 11 partite totali, saltando comunque la finale contro il Flamengo. Negli anni successivi, conditi dall`esordio in Copa Libertadores nel 2005 nella partita contro il Cerro Porteño, gioca a sprazzi, alternandosi con il collega Júlio César Martins.', 4),
(66, 'Saoir', 'Taider', 'Algeria', '11-06-1981', 9, 'Attaccante', 3, 0, 0, 'Y', 'Cresce nelle giovanili del Santo André con cui vince nel 2003 la Copa São Paulo de Futebol Júnior e la Copa Paulista de Futebol.\r\n\r\nDal 2003 al 2007 gioca nella prima squadra del Santo André, contribuendo nel 2004 alla vittoria del primo e unico titolo della storia del Santo André, la Copa do Brasil, competizione nella quale gioca 8 delle 11 partite totali, saltando comunque la finale contro il Flamengo. Negli anni successivi, conditi dall`esordio in Copa Libertadores nel 2005 nella partita contro il Cerro Porteño, gioca a sprazzi, alternandosi con il collega Júlio César Martins.', 4),
(67, 'Simone', 'Verdi', 'Italiana', '19-12-1994', 9, 'Attaccante', 1, 0, 1, 'Y', 'Cresce nelle giovanili del Santo André con cui vince nel 2003 la Copa São Paulo de Futebol Júnior e la Copa Paulista de Futebol.\r\n\r\nDal 2003 al 2007 gioca nella prima squadra del Santo André, contribuendo nel 2004 alla vittoria del primo e unico titolo della storia del Santo André, la Copa do Brasil, competizione nella quale gioca 8 delle 11 partite totali, saltando comunque la finale contro il Flamengo. Negli anni successivi, conditi dall`esordio in Copa Libertadores nel 2005 nella partita contro il Cerro Porteño, gioca a sprazzi, alternandosi con il collega Júlio César Martins.', 4),
(68, 'Mattia', 'Destro', 'Italiana', '12-01-1987', 10, 'Attaccante', 2, 0, 0, 'Y', 'Cresce nelle giovanili del Santo André con cui vince nel 2003 la Copa São Paulo de Futebol Júnior e la Copa Paulista de Futebol.\r\n\r\nDal 2003 al 2007 gioca nella prima squadra del Santo André, contribuendo nel 2004 alla vittoria del primo e unico titolo della storia del Santo André, la Copa do Brasil, competizione nella quale gioca 8 delle 11 partite totali, saltando comunque la finale contro il Flamengo. Negli anni successivi, conditi dall`esordio in Copa Libertadores nel 2005 nella partita contro il Cerro Porteño, gioca a sprazzi, alternandosi con il collega Júlio César Martins.', 4),
(69, 'Ladislav', 'Krejci', 'Repubblica Ceca', '11-01-1995', 11, 'Centrocampista', 0, 0, 0, 'Y', 'Cresce nelle giovanili del Santo André con cui vince nel 2003 la Copa São Paulo de Futebol Júnior e la Copa Paulista de Futebol.\r\n\r\nDal 2003 al 2007 gioca nella prima squadra del Santo André, contribuendo nel 2004 alla vittoria del primo e unico titolo della storia del Santo André, la Copa do Brasil, competizione nella quale gioca 8 delle 11 partite totali, saltando comunque la finale contro il Flamengo. Negli anni successivi, conditi dall`esordio in Copa Libertadores nel 2005 nella partita contro il Cerro Porteño, gioca a sprazzi, alternandosi con il collega Júlio César Martins.', 4),
(70, 'Lorenzo', 'Criseting', 'Italiana', '18-03-1995', 12, 'Centrocampista', 1, 0, 1, 'Y', 'Cresce nelle giovanili del Santo André con cui vince nel 2003 la Copa São Paulo de Futebol Júnior e la Copa Paulista de Futebol.\r\n\r\nDal 2003 al 2007 gioca nella prima squadra del Santo André, contribuendo nel 2004 alla vittoria del primo e unico titolo della storia del Santo André, la Copa do Brasil, competizione nella quale gioca 8 delle 11 partite totali, saltando comunque la finale contro il Flamengo. Negli anni successivi, conditi dall`esordio in Copa Libertadores nel 2005 nella partita contro il Cerro Porteño, gioca a sprazzi, alternandosi con il collega Júlio César Martins.', 4),
(71, 'Federico', 'Di Francesco', 'Italiana', '11-01-1995', 14, 'Attaccante', 0, 0, 1, 'Y', 'Cresce nelle giovanili del Santo André con cui vince nel 2003 la Copa São Paulo de Futebol Júnior e la Copa Paulista de Futebol.\r\n\r\nDal 2003 al 2007 gioca nella prima squadra del Santo André, contribuendo nel 2004 alla vittoria del primo e unico titolo della storia del Santo André, la Copa do Brasil, competizione nella quale gioca 8 delle 11 partite totali, saltando comunque la finale contro il Flamengo. Negli anni successivi, conditi dall`esordio in Copa Libertadores nel 2005 nella partita contro il Cerro Porteño, gioca a sprazzi, alternandosi con il collega Júlio César Martins.', 4),
(72, 'Ibrahima', 'Mbaye', 'Senegal', '19-12-1994', 15, 'Difensore', 0, 1, 1, 'Y', 'Cresce nelle giovanili del Santo André con cui vince nel 2003 la Copa São Paulo de Futebol Júnior e la Copa Paulista de Futebol.\r\n\r\nDal 2003 al 2007 gioca nella prima squadra del Santo André, contribuendo nel 2004 alla vittoria del primo e unico titolo della storia del Santo André, la Copa do Brasil, competizione nella quale gioca 8 delle 11 partite totali, saltando comunque la finale contro il Flamengo. Negli anni successivi, conditi dall`esordio in Copa Libertadores nel 2005 nella partita contro il Cerro Porteño, gioca a sprazzi, alternandosi con il collega Júlio César Martins.', 4),
(73, 'Andrea', 'Poli', 'Italiana', '13-12-1993', 16, 'Centrocampista', 0, 1, 0, 'Y', 'Cresce nelle giovanili del Santo André con cui vince nel 2003 la Copa São Paulo de Futebol Júnior e la Copa Paulista de Futebol.\r\n\r\nDal 2003 al 2007 gioca nella prima squadra del Santo André, contribuendo nel 2004 alla vittoria del primo e unico titolo della storia del Santo André, la Copa do Brasil, competizione nella quale gioca 8 delle 11 partite totali, saltando comunque la finale contro il Flamengo. Negli anni successivi, conditi dall`esordio in Copa Libertadores nel 2005 nella partita contro il Cerro Porteño, gioca a sprazzi, alternandosi con il collega Júlio César Martins.', 4),
(74, 'Juan Manuel', 'Valencia', 'Colombia', '18-03-1995', 17, 'Attaccante', 0, 1, 0, 'Y', 'Cresce nelle giovanili del Santo André con cui vince nel 2003 la Copa São Paulo de Futebol Júnior e la Copa Paulista de Futebol.\r\n\r\nDal 2003 al 2007 gioca nella prima squadra del Santo André, contribuendo nel 2004 alla vittoria del primo e unico titolo della storia del Santo André, la Copa do Brasil, competizione nella quale gioca 8 delle 11 partite totali, saltando comunque la finale contro il Flamengo. Negli anni successivi, conditi dall`esordio in Copa Libertadores nel 2005 nella partita contro il Cerro Porteño, gioca a sprazzi, alternandosi con il collega Júlio César Martins.', 4),
(75, 'Filip', 'Helander', 'Svezia', '18-03-1995', 18, 'Difensore', 0, 1, 0, 'Y', 'Cresce nelle giovanili del Santo André con cui vince nel 2003 la Copa São Paulo de Futebol Júnior e la Copa Paulista de Futebol.\r\n\r\nDal 2003 al 2007 gioca nella prima squadra del Santo André, contribuendo nel 2004 alla vittoria del primo e unico titolo della storia del Santo André, la Copa do Brasil, competizione nella quale gioca 8 delle 11 partite totali, saltando comunque la finale contro il Flamengo. Negli anni successivi, conditi dall`esordio in Copa Libertadores nel 2005 nella partita contro il Cerro Porteño, gioca a sprazzi, alternandosi con il collega Júlio César Martins.', 4),
(76, 'Felipe', 'Avenatti', 'Uruguay', '13-12-1993', 19, 'Attaccante', 0, 1, 0, 'Y', 'Cresce nelle giovanili del Santo André con cui vince nel 2003 la Copa São Paulo de Futebol Júnior e la Copa Paulista de Futebol.\r\n\r\nDal 2003 al 2007 gioca nella prima squadra del Santo André, contribuendo nel 2004 alla vittoria del primo e unico titolo della storia del Santo André, la Copa do Brasil, competizione nella quale gioca 8 delle 11 partite totali, saltando comunque la finale contro il Flamengo. Negli anni successivi, conditi dall`esordio in Copa Libertadores nel 2005 nella partita contro il Cerro Porteño, gioca a sprazzi, alternandosi con il collega Júlio César Martins.', 4),
(77, 'Alex', 'Meret', 'Italiana', '22-03-1997', 97, 'Portiere', 0, 0, 0, 'N', 'Cresciuto nel settore giovanile del Donatello Calcio, nel 2012 passa al settore giovanile dell`Udinese.\r\n\r\nNella stagione 2015-2016 viene promosso in prima squadra come secondo di Orestis Karnezis. Esordisce da professionista il 2 dicembre 2015, a 18 anni, giocando titolare nella partita del 4º turno di Coppa Italia vinta 3-1 dall`Udinese contro l`Atalanta. Viene schierato anche nella gara degli ottavi persa 2-1 contro la Lazio allo stadio Olimpico. Le due presenze in Coppa Italia sono le uniche stagionali, in quanto non esordisce in Serie A.', 1),
(78, 'Nicolas', 'N`Koulou', 'Camerun', '27-03-1990', 33, 'Difensore', 0, 0, 0, 'Y', 'Centrale difensivo di piede destro è un giocatore dal fisico compatto e forza esplosiva, facilmente schierabile come mediano di centrocampo; sua peculiarità degna di nota consinste nel puntare essenzialmente sull?anticipo degli attaccanti avversari, portandosi talvolta fuori posizione, ma la velocità di cui è dotato lo rende in grado di rimediare agli eventuali errori in chiusura.', 1);

INSERT INTO SAM.TOURNAMENT (ID, NAME, TYPE, DESCRIPTION, ADMIN_USER_ID) VALUES
(1, 'Trofeo TIM', 'R', 'Il Trofeo TIM è un trofeo calcistico amichevole, organizzato a partire dal 2001 da Master Group Sport: lo sponsor dell`evento è l`omonima compagnia telefonica.', 1),
(2, 'Torneo Eliminazione', 'E', 'Torneo ad eliminazione tra due squadre', 1),
(3, 'Torneo Eliminazione a 4', 'E', 'Torneo ad eliminazione con 4 squadre partecipanti.', 1),
(4, 'Amichevole Emilia-Romagna', 'E', 'Amichevole tra S.P.A.L. 2013 e Bologna', 1),
(5, 'Amichevole Bologna-Torino', 'E', 'Amichevole Bologna - Torino', 1),
(6, 'Toreno a quattro', 'R', 'Torneo all`italiana a quattro', 1);

INSERT INTO SAM.TOURNAMENT_TEAM (TOURNAMENT_ID, TEAM_ID) VALUES
(1, 1),
(1, 2),
(1, 3),
(1, 4),
(2, 3),
(2, 4),
(3, 1),
(3, 2),
(3, 3),
(3, 4),
(4, 2),
(4, 4),
(5, 1),
(5, 4),
(6, 1),
(6, 2),
(6, 3),
(6, 4);

INSERT INTO SAM.RANKING (SCORE, WON_MATCHES, LOST_MATCHES, TIED_MATCHES, PLAYED_MATCHES, GOALS_MADE, GOALS_SUFFERED, TOURNAMENT_ID, TEAM_ID) VALUES
(4, 1, 1, 1, 3, 6, 6, 1, 1),
(6, 2, 0, 0, 2, 5, 2, 1, 2),
(1, 0, 1, 1, 2, 3, 5, 1, 3),
(0, 0, 1, 0, 1, 1, 2, 1, 4),
(0, 0, 1, 0, 1, 3, 4, 2, 3),
(3, 1, 0, 0, 1, 4, 3, 2, 4),
(0, 0, 1, 0, 1, 2, 3, 3, 1),
(6, 2, 0, 0, 2, 8, 5, 3, 2),
(0, 0, 1, 0, 1, 3, 5, 3, 3),
(3, 1, 1, 0, 2, 5, 5, 3, 4),
(3, 1, 0, 0, 1, 4, 2, 4, 2),
(0, 0, 1, 0, 1, 2, 4, 4, 4),
(0, 0, 1, 0, 1, 3, 4, 5, 1),
(3, 1, 0, 0, 1, 4, 3, 5, 4),
(0, 0, 0, 0, 0, 0, 0, 6, 1),
(0, 0, 0, 0, 0, 0, 0, 6, 2),
(0, 0, 0, 0, 0, 0, 0, 6, 3),
(0, 0, 0, 0, 0, 0, 0, 6, 4);

INSERT INTO SAM.MATCH (ID, DATE, PLACE, TIME, TYPE) VALUES
(1, '05-10-2017', 'Bologna', '18:00', 'R'),
(2, '', '', '', 'R'),
(3, '05-10-2017', 'Verona', '18:00', 'R'),
(4, '06-10-2017', 'Torino', '18:00', 'R'),
(5, '', '', '', 'R'),
(6, '', '', '', 'R'),
(7, '09-10-2017', 'Ferrara', '18:00', 'R'),
(8, '', '', '', 'R'),
(9, '', '', '', 'R'),
(10, '', '', '', 'R'),
(11, '', '', '', 'R'),
(12, '', '', '', 'R'),
(13, '05-10-2017', 'Verona', '18:00', 'E'),
(14, '05-10-2017', 'Bologna', '18:00', 'E'),
(15, '05-10-2017', 'Ferrara', '18:00', 'E'),
(16, '05-10-2017', 'Ferrara', '18:00', 'E'),
(17, '09-10-2017', 'Ferrara', '18:00', 'E'),
(18, '23-10-2017', '20:00', '18:00', 'E'),
(19, '', '', '', 'R'),
(20, '', '', '', 'R'),
(21, '', '', '', 'R'),
(22, '', '', '', 'R'),
(23, '', '', '', 'R'),
(24, '', '', '', 'R'),
(25, '', '', '', 'R'),
(26, '', '', '', 'R'),
(27, '', '', '', 'R'),
(28, '', '', '', 'R'),
(29, '', '', '', 'R'),
(30, '', '', '', 'R');

INSERT INTO SAM.TOURNAMENT_TEAM_MATCH (MATCH_ID, TEAM_ID, OTHER_TEAM_ID, TOURNAMENT_ID, MATCH_NAME) VALUES
(1, 4, 2, 1, '1'),
(2, 2, 4, 1, '4'),
(3, 3, 1, 1, '1'),
(4, 1, 3, 1, '4'),
(5, 3, 4, 1, '2'),
(6, 4, 3, 1, '5'),
(7, 2, 1, 1, '2'),
(8, 1, 2, 1, '5'),
(9, 4, 1, 1, '3'),
(10, 1, 4, 1, '6'),
(11, 2, 3, 1, '3'),
(12, 3, 2, 1, '6'),
(13, 4, 3, 2, '1'),
(14, 4, 1, 3, '1'),
(15, 3, 2, 3, '2'),
(16, 4, 2, 3, '3'),
(17, 4, 2, 4, '1'),
(18, 4, 1, 5, '1'),
(19, 4, 1, 6, '1'),
(20, 1, 4, 6, '4'),
(21, 3, 2, 6, '1'),
(22, 2, 3, 6, '4'),
(23, 3, 4, 6, '2'),
(24, 4, 3, 6, '5'),
(25, 1, 2, 6, '2'),
(26, 2, 1, 6, '5'),
(27, 4, 2, 6, '3'),
(28, 2, 4, 6, '6'),
(29, 1, 3, 6, '3'),
(30, 3, 1, 6, '6');

INSERT INTO SAM.REPORT (ID, RESULT, MATCH_START_TIME, MATCH_END_TIME, MATCH_ID, REFEREE_ID) VALUES
(1, '1-2', '19:00', '21:00', 1, 7),
(2, '2-2', '19:00', '21:06', 3, 8),
(3, '4-3', '16:00', '18:00', 13, 8),
(4, '3-2', '19:00', '21:00', 14, 7),
(5, '3-5', '21:00', '22:00', 15, 8),
(6, '2-3', '19:00', '21:00', 16, 8),
(7, '3-1', '19:00', '21:00', 4, 8),
(8, '2-4', '19:00', '21:00', 17, 7),
(9, '3-1', '18:15', '21:15', 7, 8),
(10, '4-3', '18:00', '20:15', 18, 8);

INSERT INTO SAM.TEAM_PLAYER_REPORT (PLAYER_ID, TEAM_ID, REPORT_ID, RESERVE) VALUES
(1, 1, 2, 'N'),
(1, 1, 4, 'N'),
(1, 1, 7, 'N'),
(1, 1, 9, 'N'),
(1, 1, 10, 'N'),
(2, 1, 2, 'N'),
(2, 1, 4, 'N'),
(2, 1, 7, 'N'),
(2, 1, 9, 'N'),
(2, 1, 10, 'N'),
(3, 1, 2, 'Y'),
(3, 1, 4, 'N'),
(3, 1, 7, 'N'),
(3, 1, 9, 'N'),
(3, 1, 10, 'N'),
(4, 1, 2, 'N'),
(4, 1, 4, 'N'),
(4, 1, 7, 'N'),
(4, 1, 9, 'N'),
(4, 1, 10, 'N'),
(5, 1, 2, 'N'),
(5, 1, 4, 'N'),
(5, 1, 7, 'N'),
(5, 1, 9, 'N'),
(5, 1, 10, 'N'),
(6, 1, 2, 'N'),
(6, 1, 4, 'N'),
(6, 1, 7, 'N'),
(6, 1, 9, 'N'),
(6, 1, 10, 'N'),
(7, 1, 2, 'Y'),
(7, 1, 4, 'N'),
(7, 1, 7, 'N'),
(7, 1, 9, 'N'),
(7, 1, 10, 'N'),
(8, 1, 2, 'Y'),
(8, 1, 4, 'Y'),
(8, 1, 7, 'Y'),
(8, 1, 9, 'Y'),
(8, 1, 10, 'Y'),
(9, 1, 2, 'N'),
(9, 1, 4, 'N'),
(9, 1, 7, 'N'),
(9, 1, 9, 'N'),
(9, 1, 10, 'N'),
(10, 1, 2, 'Y'),
(10, 1, 4, 'Y'),
(10, 1, 7, 'Y'),
(10, 1, 9, 'Y'),
(10, 1, 10, 'Y'),
(11, 1, 2, 'N'),
(11, 1, 4, 'N'),
(11, 1, 7, 'N'),
(11, 1, 9, 'N'),
(11, 1, 10, 'N'),
(12, 1, 2, 'N'),
(12, 1, 4, 'Y'),
(12, 1, 7, 'Y'),
(12, 1, 9, 'Y'),
(12, 1, 10, 'Y'),
(14, 1, 2, 'Y'),
(14, 1, 4, 'Y'),
(14, 1, 7, 'Y'),
(14, 1, 9, 'Y'),
(14, 1, 10, 'Y'),
(15, 1, 2, 'N'),
(15, 1, 4, 'N'),
(15, 1, 7, 'N'),
(15, 1, 9, 'N'),
(15, 1, 10, 'N'),
(16, 1, 2, 'N'),
(16, 1, 4, 'N'),
(16, 1, 7, 'N'),
(16, 1, 9, 'N'),
(16, 1, 10, 'N'),
(17, 1, 2, 'N'),
(17, 1, 4, 'Y'),
(17, 1, 7, 'Y'),
(17, 1, 9, 'Y'),
(17, 1, 10, 'Y'),
(18, 1, 2, 'Y'),
(18, 1, 4, 'Y'),
(18, 1, 7, 'Y'),
(18, 1, 9, 'Y'),
(18, 1, 10, 'Y'),
(19, 1, 2, 'Y'),
(19, 1, 4, 'Y'),
(19, 1, 7, 'Y'),
(19, 1, 9, 'Y'),
(19, 1, 10, 'Y'),
(20, 2, 1, 'N'),
(20, 2, 5, 'N'),
(20, 2, 6, 'N'),
(20, 2, 8, 'N'),
(20, 2, 9, 'N'),
(21, 2, 1, 'N'),
(21, 2, 5, 'N'),
(21, 2, 6, 'N'),
(21, 2, 8, 'N'),
(21, 2, 9, 'N'),
(22, 2, 1, 'N'),
(22, 2, 5, 'N'),
(22, 2, 6, 'N'),
(22, 2, 8, 'N'),
(22, 2, 9, 'N'),
(23, 2, 1, 'N'),
(23, 2, 5, 'N'),
(23, 2, 6, 'N'),
(23, 2, 8, 'N'),
(23, 2, 9, 'N'),
(24, 2, 1, 'N'),
(24, 2, 5, 'N'),
(24, 2, 6, 'N'),
(24, 2, 8, 'N'),
(24, 2, 9, 'N'),
(25, 2, 1, 'N'),
(25, 2, 5, 'N'),
(25, 2, 6, 'N'),
(25, 2, 8, 'N'),
(25, 2, 9, 'N'),
(26, 2, 1, 'N'),
(26, 2, 5, 'N'),
(26, 2, 6, 'Y'),
(26, 2, 8, 'N'),
(26, 2, 9, 'N'),
(27, 2, 1, 'N'),
(27, 2, 5, 'Y'),
(27, 2, 6, 'Y'),
(27, 2, 8, 'Y'),
(27, 2, 9, 'Y'),
(28, 2, 1, 'N'),
(28, 2, 5, 'N'),
(28, 2, 6, 'N'),
(28, 2, 8, 'N'),
(28, 2, 9, 'N'),
(29, 2, 1, 'N'),
(29, 2, 5, 'N'),
(29, 2, 6, 'N'),
(29, 2, 8, 'N'),
(29, 2, 9, 'N'),
(30, 2, 1, 'Y'),
(30, 2, 5, 'N'),
(30, 2, 6, 'Y'),
(30, 2, 8, 'N'),
(30, 2, 9, 'N'),
(31, 2, 1, 'Y'),
(31, 2, 5, 'Y'),
(31, 2, 6, 'Y'),
(31, 2, 8, 'Y'),
(31, 2, 9, 'Y'),
(32, 2, 1, 'Y'),
(32, 2, 5, 'Y'),
(32, 2, 6, 'Y'),
(32, 2, 8, 'Y'),
(32, 2, 9, 'Y'),
(33, 2, 1, 'N'),
(33, 2, 5, 'Y'),
(33, 2, 6, 'Y'),
(33, 2, 8, 'N'),
(33, 2, 9, 'N'),
(34, 2, 1, 'Y'),
(34, 2, 5, 'Y'),
(34, 2, 6, 'N'),
(34, 2, 8, 'Y'),
(34, 2, 9, 'Y'),
(35, 2, 1, 'Y'),
(35, 2, 5, 'Y'),
(35, 2, 6, 'Y'),
(35, 2, 8, 'Y'),
(35, 2, 9, 'Y'),
(37, 2, 1, 'Y'),
(37, 2, 5, 'N'),
(37, 2, 6, 'N'),
(37, 2, 8, 'Y'),
(37, 2, 9, 'Y'),
(38, 2, 1, 'Y'),
(38, 2, 5, 'Y'),
(38, 2, 6, 'N'),
(38, 2, 8, 'Y'),
(38, 2, 9, 'Y'),
(39, 3, 2, 'N'),
(39, 3, 3, 'N'),
(39, 3, 5, 'N'),
(39, 3, 7, 'N'),
(40, 3, 2, 'N'),
(40, 3, 3, 'N'),
(40, 3, 5, 'N'),
(40, 3, 7, 'N'),
(41, 3, 2, 'N'),
(41, 3, 3, 'N'),
(41, 3, 5, 'N'),
(41, 3, 7, 'N'),
(42, 3, 2, 'N'),
(42, 3, 3, 'N'),
(42, 3, 5, 'N'),
(42, 3, 7, 'N'),
(43, 3, 2, 'N'),
(43, 3, 3, 'N'),
(43, 3, 5, 'N'),
(43, 3, 7, 'N'),
(44, 3, 2, 'Y'),
(44, 3, 3, 'Y'),
(44, 3, 5, 'N'),
(44, 3, 7, 'N'),
(45, 3, 2, 'Y'),
(45, 3, 3, 'N'),
(45, 3, 5, 'N'),
(45, 3, 7, 'N'),
(46, 3, 2, 'Y'),
(46, 3, 3, 'Y'),
(46, 3, 5, 'Y'),
(46, 3, 7, 'N'),
(47, 3, 2, 'Y'),
(47, 3, 3, 'Y'),
(47, 3, 5, 'Y'),
(47, 3, 7, 'Y'),
(48, 3, 5, 'N'),
(48, 3, 7, 'Y'),
(49, 3, 2, 'N'),
(49, 3, 3, 'N'),
(49, 3, 5, 'N'),
(49, 3, 7, 'N'),
(50, 3, 2, 'Y'),
(50, 3, 3, 'N'),
(50, 3, 5, 'Y'),
(50, 3, 7, 'Y'),
(51, 3, 2, 'Y'),
(51, 3, 3, 'Y'),
(51, 3, 5, 'Y'),
(51, 3, 7, 'Y'),
(52, 3, 2, 'N'),
(52, 3, 3, 'Y'),
(52, 3, 5, 'Y'),
(52, 3, 7, 'Y'),
(54, 3, 2, 'N'),
(54, 3, 3, 'N'),
(54, 3, 5, 'N'),
(54, 3, 7, 'N'),
(55, 3, 2, 'N'),
(55, 3, 3, 'N'),
(55, 3, 7, 'Y'),
(56, 3, 2, 'N'),
(56, 3, 3, 'N'),
(56, 3, 5, 'N'),
(56, 3, 7, 'N'),
(57, 3, 2, 'Y'),
(57, 3, 3, 'Y'),
(57, 3, 5, 'Y'),
(58, 3, 2, 'N'),
(58, 3, 3, 'Y'),
(58, 3, 5, 'Y'),
(58, 3, 7, 'Y'),
(59, 4, 1, 'N'),
(59, 4, 3, 'N'),
(59, 4, 4, 'N'),
(59, 4, 6, 'N'),
(59, 4, 8, 'N'),
(59, 4, 10, 'N'),
(60, 4, 1, 'N'),
(60, 4, 3, 'N'),
(60, 4, 4, 'N'),
(60, 4, 6, 'N'),
(60, 4, 8, 'N'),
(60, 4, 10, 'N'),
(61, 4, 1, 'Y'),
(61, 4, 3, 'N'),
(61, 4, 4, 'N'),
(61, 4, 6, 'Y'),
(61, 4, 8, 'N'),
(61, 4, 10, 'N'),
(62, 4, 1, 'Y'),
(62, 4, 3, 'Y'),
(62, 4, 4, 'N'),
(62, 4, 6, 'N'),
(62, 4, 8, 'N'),
(62, 4, 10, 'N'),
(63, 4, 1, 'N'),
(63, 4, 3, 'N'),
(63, 4, 4, 'N'),
(63, 4, 6, 'N'),
(63, 4, 8, 'N'),
(63, 4, 10, 'N'),
(64, 4, 1, 'N'),
(64, 4, 3, 'N'),
(64, 4, 4, 'N'),
(64, 4, 6, 'N'),
(64, 4, 8, 'N'),
(64, 4, 10, 'N'),
(65, 4, 1, 'N'),
(65, 4, 3, 'N'),
(65, 4, 4, 'N'),
(65, 4, 6, 'N'),
(65, 4, 8, 'N'),
(65, 4, 10, 'N'),
(66, 4, 1, 'N'),
(66, 4, 3, 'N'),
(66, 4, 4, 'Y'),
(66, 4, 6, 'N'),
(66, 4, 8, 'Y'),
(66, 4, 10, 'Y'),
(67, 4, 1, 'N'),
(67, 4, 3, 'N'),
(67, 4, 4, 'Y'),
(67, 4, 6, 'Y'),
(67, 4, 8, 'Y'),
(67, 4, 10, 'Y'),
(68, 4, 1, 'N'),
(68, 4, 3, 'Y'),
(68, 4, 4, 'Y'),
(68, 4, 6, 'Y'),
(68, 4, 8, 'Y'),
(68, 4, 10, 'Y'),
(69, 4, 1, 'Y'),
(69, 4, 3, 'N'),
(69, 4, 4, 'N'),
(69, 4, 6, 'N'),
(69, 4, 8, 'N'),
(69, 4, 10, 'N'),
(70, 4, 1, 'Y'),
(70, 4, 3, 'N'),
(70, 4, 4, 'N'),
(70, 4, 6, 'N'),
(70, 4, 8, 'N'),
(70, 4, 10, 'N'),
(71, 4, 1, 'N'),
(71, 4, 3, 'Y'),
(71, 4, 4, 'Y'),
(71, 4, 6, 'Y'),
(71, 4, 8, 'Y'),
(71, 4, 10, 'Y'),
(72, 4, 1, 'N'),
(72, 4, 3, 'Y'),
(72, 4, 4, 'N'),
(72, 4, 6, 'N'),
(72, 4, 8, 'N'),
(72, 4, 10, 'N'),
(73, 4, 1, 'Y'),
(73, 4, 3, 'N'),
(73, 4, 4, 'Y'),
(73, 4, 6, 'Y'),
(73, 4, 8, 'Y'),
(73, 4, 10, 'Y'),
(74, 4, 1, 'Y'),
(74, 4, 3, 'Y'),
(74, 4, 4, 'Y'),
(74, 4, 6, 'Y'),
(74, 4, 8, 'Y'),
(74, 4, 10, 'Y'),
(75, 4, 1, 'N'),
(75, 4, 3, 'Y'),
(75, 4, 4, 'N'),
(75, 4, 6, 'N'),
(75, 4, 8, 'N'),
(75, 4, 10, 'N'),
(76, 4, 1, 'Y'),
(76, 4, 3, 'Y'),
(76, 4, 4, 'Y'),
(76, 4, 6, 'Y'),
(76, 4, 8, 'Y'),
(76, 4, 10, 'Y');

INSERT INTO SAM.PLAYER_REPORT (REPORT_ID, PLAYER_ID, GOAL, ADMONITIONS, EJECTION) VALUES
(1, 25, 2, 0, 'N'),
(5, 28, 2, 1, 'N'),
(1, 66, 1, 0, 'N'),
(2, 8, 1, 0, 'N'),
(2, 17, 1, 0, 'N'),
(2, 43, 1, 0, 'N'),
(2, 44, 1, 0, 'N'),
(3, 39, 1, 0, 'N'),
(3, 49, 1, 0, 'N'),
(3, 52, 1, 0, 'N'),
(3, 60, 1, 0, 'N'),
(3, 68, 2, 0, 'N'),
(3, 70, 1, 0, 'N'),
(4, 9, 2, 0, 'N'),
(4, 62, 2, 0, 'N'),
(4, 64, 1, 0, 'N'),
(5, 21, 3, 0, 'N'),
(5, 45, 2, 0, 'N'),
(5, 54, 1, 0, 'N'),
(6, 37, 3, 0, 'N'),
(6, 66, 2, 0, 'N'),
(7, 15, 2, 0, 'N'),
(7, 54, 1, 0, 'N'),
(8, 23, 1, 0, 'N'),
(8, 26, 1, 0, 'N'),
(8, 35, 1, 0, 'N'),
(8, 62, 2, 0, 'N'),
(9, 2, 1, 0, 'N'),
(9, 26, 2, 0, 'N'),
(9, 37, 1, 0, 'N'),
(10, 3, 2, 0, 'N'),
(10, 16, 1, 0, 'N'),
(10, 65, 3, 0, 'N'),
(10, 67, 1, 0, 'N'),
(1, 20, 0, 1, 'N'),
(1, 59, 0, 2, 'Y'),
(2, 5, 0, 1, 'N'),
(2, 42, 0, 2, 'Y'),
(2, 46, 0, 1, 'N'),
(3, 50, 0, 1, 'N'),
(3, 67, 0, 2, 'Y'),
(3, 73, 0, 1, 'N'),
(4, 3, 0, 1, 'N'),
(4, 70, 0, 2, 'Y'),
(5, 23, 0, 2, 'Y'),
(5, 40, 0, 1, 'N'),
(6, 23, 0, 1, 'N'),
(6, 38, 0, 1, 'N'),
(6, 72, 0, 2, 'Y'),
(6, 76, 0, 1, 'N'),
(7, 11, 0, 1, 'N'),
(7, 43, 0, 2, 'Y'),
(7, 49, 0, 1, 'N'),
(7, 52, 0, 1, 'N'),
(8, 29, 0, 2, 'Y'),
(8, 64, 0, 1, 'N'),
(8, 72, 0, 1, 'N'),
(8, 74, 0, 1, 'N'),
(9, 7, 0, 2, 'Y'),
(9, 33, 0, 1, 'N'),
(10, 14, 0, 2, 'Y'),
(10, 18, 0, 1, 'N'),
(10, 71, 0, 2, 'Y'),
(10, 75, 0, 1, 'N');